Region,Month,Priority_Level,Reasoning
CAR,七月,A - 最高优先级,热点频繁地区的高发月份，平均病例数 1185
CAR,八月,A - 最高优先级,热点频繁地区的高发月份，平均病例数 1179
CAR,九月,A - 最高优先级,热点频繁地区的高发月份，平均病例数 776
CAR,十月,A - 最高优先级,热点频繁地区的高发月份，平均病例数 574
Region I,八月,A - 最高优先级,热点频繁地区的高发月份，平均病例数 2336
Region I,九月,A - 最高优先级,热点频繁地区的高发月份，平均病例数 2167
Region I,七月,A - 最高优先级,热点频繁地区的高发月份，平均病例数 1748
Region I,十月,A - 最高优先级,热点频繁地区的高发月份，平均病例数 1326
Region III,九月,A - 最高优先级,热点频繁地区的高发月份，平均病例数 4454
Region III,八月,A - 最高优先级,热点频繁地区的高发月份，平均病例数 4217
Region III,十月,A - 最高优先级,热点频繁地区的高发月份，平均病例数 3193
Region III,七月,A - 最高优先级,热点频繁地区的高发月份，平均病例数 2493
Region V,九月,A - 最高优先级,热点频繁地区的高发月份，平均病例数 810
Region V,八月,A - 最高优先级,热点频繁地区的高发月份，平均病例数 700
Region V,十月,A - 最高优先级,热点频繁地区的高发月份，平均病例数 498
Region V,七月,A - 最高优先级,热点频繁地区的高发月份，平均病例数 489
Region XI,七月,A - 最高优先级,热点频繁地区的高发月份，平均病例数 953
Region XI,八月,A - 最高优先级,热点频繁地区的高发月份，平均病例数 945
Region XI,九月,A - 最高优先级,热点频繁地区的高发月份，平均病例数 648
Region XI,一月,A - 最高优先级,热点频繁地区的高发月份，平均病例数 544
